objectid,title,archival_date,date,date_notes,standing,standing_notes,name_history,naming_notes,use_history,additions,architect,architectural_style,description,latitude,longitude,location_description,cost,cost_notes,sources,featured_image,image_small,image_thumb
administrationbuildingnew,Administration Building (New),1907-,1907,"Begun in 1907, first unit completed in 1909.",Yes,,,,"Administrative offices, Letters & Science/Business classrooms, University computer center, auditorium, also housed the library until 1957","Built in four units, the original (1909), North wing (1912), South wing (1920) extended 1936 for library expansion $110,000. Annex constructed 1950. 1960 remodeling after library construction $115,168; Elevator tower added ca. 2000","Central Wing, 1909 - John E. Tourtellotte (Boise), North Wing, 1913 - Preusse and Zittel (Spokane), South Wing, ca. 1920 - Curtis Richardson (Lewiston), South Wing Extension, 1937 - unknown.",Collegiate Gothic,"Concrete base, red brick facing with buff colored Boise sandstone trim, college Gothic style, three stories, U shaped, 109,824 square feet. Listed on National Register of Historic Places.",46.725634,-117.010974,Center of main quadrangle facing east 851 Campus Drive,"$415,716","Unit 1, $140,000; unit 2, $75,000; unit 3, $90,000 state appropriations; unit 4 $110,769 funded by student fees","Cards, UG 44, Morton, Beacon, UG 12 (2304), IHS 134, Facilities Architecture Drawing Archives",campus02204,https://objects.lib.uidaho.edu/campus/small/campus02204_sm.jpg,https://objects.lib.uidaho.edu/campus/thumbs/campus02204_th.jpg
administrationbuildingold,Administration Building (Old),1891-1906,1891,West wing completed in 1892.,No,"Destroyed by fire March 30, 1906",,,Administrative offices and classroom building,East wing completed in 1899; auditorium and third floor completed 1900; west wing completed in 1902,G.W. Babcock (Walla Walla),Gothic Revival/Picturesque Gothic,"Four stories, red brick, 180' x 122', central portion and two wings, 163' tower.",46.724869,-117.010698,"On site of present administration building, facing N.E. instead of due east","$131,068",,"Cards, UG 44, Beacon, Petersen, Facilities Architecture Drawing Archives",campus02131,https://objects.lib.uidaho.edu/campus/small/campus02131_sm.jpg,https://objects.lib.uidaho.edu/campus/thumbs/campus02131_th.jpg
agriculturalengineeringbuildingjwmartin,Agricultural Engineering Building (JW Martin),1982-,1982,Occupied 1983.,Yes,,,,Ag engineering classrooms and labs,,Team 8 Consortium (Coeur d'Alene),,"one floor, tilt-up concrete; long and narrow; 400 feet long, 30,000 square feet; some ceilings as high as 18 feet",46.729575,-117.020474,6th street and Perimeter Drive,"$1,800,000",$1.8 million (State and University each provided half),"Morton, Argonaut",campus03105,https://objects.lib.uidaho.edu/campus/small/campus03105_sm.jpg,https://objects.lib.uidaho.edu/campus/thumbs/campus03105_th.jpg
agriculturalengineeringlaboratory,Agricultural Engineering Laboratory,1909-1998,1909,,No,Attached to the original steam plant which was built in 1909. Torn down in 1998 to make way for the Idaho Commons (Now the ISUB). Demolished 1998 for Idaho Commons,Agricultural Engineering Laboratory 1951-1986; Art and Architecture Annex 1986-1998,,Originally constructed as heating plant; When new heating plant was constructed in 1927 it became maintenance shop; in 1949 maintenance shops were moved and the building was renovated for Agricultural Engineering Laboratory in 1950 and 1951,Renovated in 1950-1951. Became Art and Architecture Annex in 1986 upon completion of new Agricultural Engineering Building; demolished 1998 for Idaho Commons,Unknown,,"Brick, with basement and two floors, 15,330 square feet",46.727089,-117.011889,NW corner University Avenue and Line Street,"$80,857","$12,000 for shell; $68,857 for 1952 interior construction",,campus01401,https://objects.lib.uidaho.edu/campus/small/campus01401_sm.jpg,https://objects.lib.uidaho.edu/campus/thumbs/campus01401_th.jpg
engineeringshops,Engineering Shops,1909-196?,1909,,No,"Built in 1909, abandoned by Idaho Harvester company in 1918, purchased by UI in 1923. Demolished 1950-1960.",Engineering Shops or Engineering Laboratories,,Was Idaho Harvester Comapny's building from 1909 to about 1918. Used by UI from 1923 to 1950s or 1960s to house the agricultural engineering and the mechanical engineering departments. Current site of Rosauers Supermarket since 1976.,,Unknown,,,46.73788,-117.00325,Corner of D Street and N. Main Street,,,"Cards, UG 44, Morton, UG 12 Bx 80 File 2276",campus03021,https://objects.lib.uidaho.edu/campus/small/campus03021_sm.jpg,https://objects.lib.uidaho.edu/campus/thumbs/campus03021_th.jpg
agriculturalsciencebuilding,Agricultural Science Building,1950-,1950,,Yes,"Completed in 1951.  Addition: 1974 - Bellamy, Bratvold & Carpenter.",Iddings Agricultural Science Building,"Renamed Iddings Agricultural Science Building in 1974 for E.J. Iddings, Dean of Agricultural Sciences 1915-1946.","Classrooms, teaching labs; research labs; faculty and administrative offices","1971. 57,000 sq. ft. addition at a cost of $1,967,000, Bellamy, Bratvold & Carpenter (Coeur d'Alene) architects.",Victor N. Jones (Boise),International Style,"Reinforced concrete, brick veneer, basement and three floors, 169' x 52', flat roof, 54,443 square feet",46.728996,-117.013879,Rayburn Avenue between Idaho Avenue and Sixth Street 606 Rayburn St,"$774,573",,"Cards, UG 44, Morton, Facilities Architecture Drawing Archives",campus00120,https://objects.lib.uidaho.edu/campus/small/campus00120_sm.jpg,https://objects.lib.uidaho.edu/campus/thumbs/campus00120_th.jpg
agriculturebiotechnologybuildingandlaboratory,Agriculture Biotechnology Building and Laboratory,2000-,2000,,Yes,"Built between 1998-2001, dedicated in 2000.",,,"80 Percent of the Building House Molecular-based Research Programs involving Plants, Livestock and Microorganisms,20 Percent of the Building Consist Faculty Offices,Conference Rooms and Interaction Space.",,Ellis-Feeney Architects of Lewiston and SRG Architects (Portland),Postmodern,"Three Floor,45.000-Squar-foot Brick Building",46.729457,-117.013962,Rayburn and 6th street,"$24,500,000",$24.5 Million,Register,campus03109,https://objects.lib.uidaho.edu/campus/small/campus03109_sm.jpg,https://objects.lib.uidaho.edu/campus/thumbs/campus03109_th.jpg
albertsonbuilding,Albertson Building,2002-,2002,,Yes,,,,"Remodeled and enlarged Administration Annex (1950; Whitehouse, Price, DeNeff, Architects (Spokane); Reinforced concrete and brick facing; 134' x 66', two floors and basement, flat roof; 25,254 square feet; $343,360; Administrative offices; controller, registrar, admissions) to house College of Business and Economics first building to be funded entirely by private gifts; contains full-service deli and campus bookstore",,"Design West Architects, Gordon Walker, Architect; Yost Grube Hall Architecture; Swank Enterprises, General Contractor",Postmodern,,46.725636,-117.011821,West side of Administration building 875 Campus Drive,,,"Facilities Website, Dedication Plaques and Stones Images",campus03108,https://objects.lib.uidaho.edu/campus/small/campus03108_sm.jpg,https://objects.lib.uidaho.edu/campus/thumbs/campus03108_th.jpg
aquacultureinstituteandpoultryhillwarehouse,Aquaculture Institute and Poultry Hill Warehouse,Date Unknown,,,No,,,,,,Constructed by UI Department of Buildings and Grounds,,,46.7282,-117.020094,799 Poultry Hill Way,,,Facilities Architecture Drawing Archives,campus01079,https://objects.lib.uidaho.edu/campus/small/campus01079_sm.jpg,https://objects.lib.uidaho.edu/campus/thumbs/campus01079_th.jpg
archiephinneyhall,Archie Phinney Hall,1938-,1938,,Yes,Original Construction: 1938 - Hugh Richardson; Whitehouse & Price. Addition: 1999 (elevator tower).,"Originally named Chrisman Hall, briefly called Faculty Office Complex West",Renamed Archie Phinney Hall in 1987 in honor of Nez Perce anthropologist Archie Phinney.,"Men's dormitory, later Sociology-Anthropology museum and department offices; misc. faculty offices.",Elevator tower addition - 1999,Hugh Richardson; Whitehouse & Price,Collegiate Gothic,"4-story collegiate gothic brick building with basement.  L-shaped plan. Reinforced concrete and brick, gable roof, stone coated metal shingles,  each wing about 98' x 30'.",46.728165,-117.012844,701 S Line Street,,,"Cards, Morton, UG 12 (2325)",,https://objects.lib.uidaho.edu/campus/campus02762.jpg,https://objects.lib.uidaho.edu/campus/small/campus02762_sm.jpg
armoryold,Armory (Old),1896-1903,1896,,No,No Longer Standing,Also known as The Annex,,Also housed agriculture department and gymnasium,,Unknown,,"Wooden building, about 50' x 125', one story and basement in front, two stories in rear",46.7251,-117.013071,About 100' behind the old Administration Building,,,"Cards, Petersen",campus02323,https://objects.lib.uidaho.edu/campus/small/campus02323_sm.jpg,https://objects.lib.uidaho.edu/campus/thumbs/campus02323_th.jpg
artandarchitecturebuilding,Art and Architecture Building,1906-,1906,,Yes,Significant Renovation: 1951 - W.G. Clark Co.,Metallurgical Building; Mines Building; Psychology Building; Art and Architecture,,"Originally a metallurgical laboratory used for student work and metallurgical research. Became Mines building in 1950. Ca. 1961 became Psychology Building housing classrooms, offices and laboratories. Art & Architecture ca. 2001",Renovated and completely remodelled by adding three floors to the center of the building in 1949-1950; Elevator tower added 1998,Unknown,Renaissance Revival/Mining Vernacular,"Wood frame with red pressed brick veneer walls, three stories, gable roof with cedar shingles. 84' x 96'. Originally built as a large scale concentrator",46.727408,-117.011371,Pine near University Ave.,"$138,168","$16,000 originally; $122,168 for renovation (state appropriation)","Cards, UG 44, Morton, UG 12 (2315)",campus00096,https://objects.lib.uidaho.edu/campus/small/campus00096_sm.jpg,https://objects.lib.uidaho.edu/campus/thumbs/campus00096_th.jpg
artandarchitectureeast,Art and Architecture East,2000-,2000,,Yes,,,,,,Renovated for classrooms by UI Department of Buildings and Grounds,,Former Carpet Mill building,46.727132,-117.00395,College Avenue 327 College Ave,,,Facilities Architecture Drawing Archives,campus03106,https://objects.lib.uidaho.edu/campus/small/campus03106_sm.jpg,https://objects.lib.uidaho.edu/campus/thumbs/campus03106_th.jpg
artandarchitectureinteriordesign,Art and Architecture Interior Design,1942-,1942,,Yes,,"Navy Building #2, 1942-1945; Faculty Club, 1945-1971; Satellite Sub, 1971-2000; Art & Architecture Annex",,"Originally Navy Building #2, Became Faculty Club in 1945, food service; College of Art & Architecture, Interior Design Dept in 2000-",,Unkown,Colonial Revival,"One story and basement, wood frame and siding, 52' x 32'",46.727676,-117.01146,Idaho Ave. and Pine Street,,,"Cards, Morton, MG 70",campus02786,https://objects.lib.uidaho.edu/campus/small/campus02786_sm.jpg,https://objects.lib.uidaho.edu/campus/thumbs/campus02786_th.jpg
artandarchitecturenorth,Art and Architecture North,1965-,1965,Occupied 1966,Yes,,"Originally named Art and Architecture Building. ""North"" was added when the old gym was remodeled in 1976 and named Art and Architecture South",,"Art and Architecture administrative offices; computer lab; studios, faculty offices",,"Hummell, Hummell, Jones & Shawver (Boise)",International Style,"Red brick, 4 floors, front is glass.",46.726705,-117.012694,S.W. corner University Avenue and Line Street 951 University Ave,"$475,000",,"PG1, VF",campus00494,https://objects.lib.uidaho.edu/campus/small/campus00494_sm.jpg,https://objects.lib.uidaho.edu/campus/thumbs/campus00494_th.jpg
artandarchitecturesouth,Art and Architecture South,1904-,1904,,Yes,,"Gymnasium, Women's Gymnasium, Art and Architecture South",,Originally constructed as the university's second gymnasium and armory; became the Women's gym when Memorial Gym was completed in 1928. Remodeled for art and architecture studios and classrooms in 1976. Listed on National Register of Historic Places,,J.E. Tourtellotte (Boise),Romanesque Revival,"Granite foundation, red brick facing, basement and two floors, gable roof; 64' x 129'",46.726415,-117.01234,"Line Street, N.W. of Administration Building. 951 Campus Dr","$26,000",,"UG 44, Morton, Petersen",campus00633,https://objects.lib.uidaho.edu/campus/small/campus00633_sm.jpg,https://objects.lib.uidaho.edu/campus/thumbs/campus00633_th.jpg
artbuilding,Art Building,1911-1965,1911,,No,Torn down in 1965 and replaced by Art and Architecture North,Lewis Court; Art Building,,"Formerly known as Lewis Court, built as annex to the Women's Gym (then Men's gym) and used for winter military drill and recreation. Was men's dormitory during 1937-1938. Became Art and Architecture building in 1938",Renovated in 1945,Unkown,,"Wood frame, one story, 60' x 80' with cinder floor",46.726415,-117.01234,West side of quadrangle (SW corner of Line and University Ave.),,Built by private subscription,"Cards, UG 44",campus02672,https://objects.lib.uidaho.edu/campus/small/campus02672_sm.jpg,https://objects.lib.uidaho.edu/campus/thumbs/campus02672_th.jpg
bartleycottage,Bartley Cottage,1921-1952,1921,,No,Torn down in 1952,,,Acquired in 1921 and used as a girl's dormitory until 1929 when it became a music studio.,,Unknown,,"Two story, wooden frame and siding, gable roof, wood shingles",46.724144,-117.009574,SW of Ridenbaugh Hall on Nez Perce west of Center Cottage,,,Cards,campus00168,https://objects.lib.uidaho.edu/campus/small/campus00168_sm.jpg,https://objects.lib.uidaho.edu/campus/thumbs/campus00168_th.jpg
blakehouse,Blake House,1952-,1952,,Yes,,,"Originally, named for Mrs. Ethel Steel, Board of Regents, 1933-1946, a leader in the movement to provide cooperative dormitories at the U of I.",Cooperative dormitory for 58 girls; replaced Ridenbaugh Hall as a residence. The dormitory has moved several time since then.,,"Hugh Richardson (Lewiston); General contractor, Commercial Builders (Moscow)",International Style,"Wood frame with brick ornament, flat roof; basement and three floors, 11,116 sq. feet",46.724674,-117.00807,Blake Street,"150,000","$150,000 (Bonds)","Cards, Morton, UG 12 (2320)",campus00359,https://objects.lib.uidaho.edu/campus/small/campus00359_sm.jpg,https://objects.lib.uidaho.edu/campus/thumbs/campus00359_th.jpg
bookstore,Bookstore,1988-,1988,Occupied 1989,Yes,,,,Academic and general book supply and clothing sales; campus station of U.S. Post Office,,Moritz Kundig of Northwest Architectural Co. (Spokane),,"Gray concrete masonry, one story; 15,000 sq. ft.",46.728507,-117.006675,Deakin Avenue across from SUB 706/704 Deakin Ave,"$1,250,000",,"Morton, Register (1:28), Argonaut",campus00434,https://objects.lib.uidaho.edu/campus/small/campus00434_sm.jpg,https://objects.lib.uidaho.edu/campus/thumbs/campus00434_th.jpg
brinkandphinneyhalls,Brink and Phinney Halls,1936-,1936,Brink 1936- ; Phinney 1938-,Yes,,Willis Sweet Hall; later called Faculty Office Complex East; Chrisman Hall; Faculty Office Complex West,"Willis Sweet Hall named after one of the UI's founders and member of the Board of Regents, 1889-1893; later called Faculty Office Complex East. Renamed Carol Ryrie Brink Hall in the early 1980s in honor of UI alumna and prominent author. Chrisman Hall, named after General Edward Chrisman. Later referred to as Faculty Office Complex West. Renamed Archie Phinney Hall in early 1980s","Brink: Originally a men's dorm housing 200. Currently houses placement center; math/statistics/English departments, miscellaneous faculty and grad offices. Phinney: Men's dormitory, later Sociology-Anthropology museum and department offices; misc. faculty offices",Elevator towers added to both in 1999,"Whitehouse, Price (Spokane); Richardson, Hugh (Lewiston)",,"Brink: Reinforced concrete, red fireproof brick, trimmed with Boise Sandstone. Gable roof, composition shingles, five floors, front 178' long, wings 81' and 129' long respectively, each wing about 29' wide. Phinney: Four floors and basement, reinforced concrete and brick, gable roof, wood shingles, each wing about 98' x 30'",46.728165,-117.012844,Line Street and Idaho Avenue 801 & 701 S. Line St,"$388,130","$250,000 (Regents bonds); $138,130 (local bonds)","Cards, Morton, UG 12 (2325)",campus02764,https://objects.lib.uidaho.edu/campus/small/campus02764_sm.jpg,https://objects.lib.uidaho.edu/campus/thumbs/campus02764_th.jpg
buchananengineeringlaboratory,Buchanan Engineering Laboratory,1967-,1967,Occupied 1968,Yes,,,"Named for Jesse E. Buchanan, UI alumnus, faculty and President from 1946-1954","Engineering classrooms, teaching and research labs; faculty and grad offices",,Dropping & Kelley (Boise),International Style,"3 story, reinforced concrete; 80,000 sq. ft.",46.729487,-117.010886,6th Street 607 Urquhart Ave,"$2,118,259",,"Morton, Argonaut",campus00441,https://objects.lib.uidaho.edu/campus/small/campus00441_sm.jpg,https://objects.lib.uidaho.edu/campus/thumbs/campus00441_th.jpg
campuschristiancenter,Campus Christian Center,Date Unknown,,,Yes,,,,"Campus Christian Center, Moscow Food Coop satellite cafe.", ,,Unknown,,,46.727126,-117.007889,822 Elm Street,,,,campus03112,https://objects.lib.uidaho.edu/campus/small/campus03112_sm.jpg,https://objects.lib.uidaho.edu/campus/thumbs/campus03112_th.jpg
campusclub1938-1958,Campus Club (1938-1958),1938-1958,1938,,No,"Burned May 14, 1958",,,Men's dormitory,,Unknown,,"Wooden frame, siding and shingles, one story, gable roof.",46.728785,-117.012552,Sixth Street,"$42,000","$42,000 (Bonds)",Cards,campus02698,https://objects.lib.uidaho.edu/campus/small/campus02698_sm.jpg,https://objects.lib.uidaho.edu/campus/thumbs/campus02698_th.jpg
campuslandmarks,Campus Landmarks,,1913,,No,,,,,,,,,46.726041,-117.009338,NE corner of Railroad and Sweet,,,PG 1,campus03064,https://objects.lib.uidaho.edu/campus/small/campus03064_sm.jpg,https://objects.lib.uidaho.edu/campus/thumbs/campus03064_th.jpg
campuslandscapes,Campus Landscapes,,1892,,No,,,,,,"Olmstead Brothers, among many others",,,46.725648,-117.010979,Moscow. Idaho,,,PG 1,campus01998,https://objects.lib.uidaho.edu/campus/small/campus01998_sm.jpg,https://objects.lib.uidaho.edu/campus/thumbs/campus01998_th.jpg
carolryriebrinkhall,Carol Ryrie Brink,1936,1936,,Yes,Original Construction: 1936 - Hugh Richardson; Whitehouse & Price. Addition: 1999 (elevator tower).,Willis Sweet Hall; later called Faculty Office Complex East,"Willis Sweet Hall named after one of the UI's founders and member of the Board of Regents, 1889-1893; later called Faculty Office Complex East. Renamed Carol Ryrie Brink Hall in 1982 in honor of UI alumna and prominent author.","Originally a men's dorm housing 200. Currently houses placement center; math/statistics/English departments, miscellaneous faculty and grad offices.",Elevator towers added in 1999.,"Whitehouse, Price (Spokane); Richardson, Hugh (Lewiston)",Collegiate Gothic,"Reinforced concrete, red fireproof brick, trimmed with Boise Sandstone. Gable roof, composition shingles, five floors, front 178' long, wings 81' and 129' long respectively, each wing about 29' wide.",46.728165,-117.012844,Line Street and Idaho Avenue 801 & 701 S. Line St,388130,"$250,000 (Regents bonds); $138,130 (local bonds)","Cards, Morton, UG 12 (2325)",campus02764,https://objects.lib.uidaho.edu/campus/small/campus02764_sm.jpg,https://objects.lib.uidaho.edu/campus/thumbs/campus02764_th.jpg
cedarhall,Cedar Hall,1920-1957,1920,,No,Torn down December 1957 due to poor condition,,,"Infirmary, Phi Delta fraternity house, men's living group, music recital hall",,Unknown,,"Two floors and basement, wood frame, siding and shingles, gable roof",46.727126,-117.007889,SE corner of Ash and Idaho Ave.,,,"Cards, Argonaut",campus00166,https://objects.lib.uidaho.edu/campus/small/campus00166_sm.jpg,https://objects.lib.uidaho.edu/campus/thumbs/campus00166_th.jpg
centercottage,Center Cottage,1921-1952,1921,,No,Torn down in 1952,,,"Home of local sorority Omega Alpha, February 1926 - ?; Housed students at first; later used for music studio",,Unknown,,,46.723945,-117.008714,SW corner of Blake and Nez Perce,,,Cards,campus02673,https://objects.lib.uidaho.edu/campus/small/campus02673_sm.jpg,https://objects.lib.uidaho.edu/campus/thumbs/campus02673_th.jpg
commons,Commons,2000-,2000,,Yes,,,,"Originally that Campus Classroom Center, it now houses the ASUI Student Government, Student Organizations, Classrooms,Computer Lab,Retail Outlets, Foodcourt, and Copy center. In 2005, The Teaching and Learning Center was built and attached to its west side.",,Yost Grube Architects and Design West Architects (Pullman),Contemporary Style,78.000 Squar-foot Facility,46.727494,-117.012476,Idaho Avenue & Line Street 875 S. Line St,"$19,000,000",$19 Million,"Register, PG1",campus03079,https://objects.lib.uidaho.edu/campus/small/campus03079_sm.jpg,https://objects.lib.uidaho.edu/campus/thumbs/campus03079_th.jpg
craigcottage,Craig Cottage,1930-1951,1930,,No,Sold and moved in 1951,,,"Acquired in 1930, served for many years as stenographic center and infirmary quarters. Later used as office space for Ag. Economics.",,Unknown,,"One story, frame building",46.727814,-117.009558,Sixth Street between Urquhart and Line; in 1942 it was moved to a position east of Entomology Building (Line & 7th St.) to make room for Kirtley #1.,,,Cards,campus03111,https://objects.lib.uidaho.edu/campus/small/campus03111_sm.jpg,https://objects.lib.uidaho.edu/campus/thumbs/campus03111_th.jpg
crestcottage,Crest Cottage,1922-195?,1922,,No,,,,Acquired in 1922; formerly old Phi Delt house; in 1923 Chi Beta Epsilon sorority house. Part of old infirmary in 1927; also part of Triangle Club.,,Unknown,,,46.727814,-117.009558,Idaho and Ash,,,"Cards, Maps",campus03107,https://objects.lib.uidaho.edu/campus/small/campus03107_sm.jpg,https://objects.lib.uidaho.edu/campus/thumbs/campus03107_th.jpg
dairysciencebuilding,Dairy Science Building,1918-1998,1918,,No,,"Dairy Building, 1918-1945; Agronomy Building, 1945-1951; Communications Building, 1951-",,Originally built as Dairy Science Building; converted to Agronomy building in 1945. Became Communication Building when Agriculture Science was completed in 1951; demolished 1998 for Idaho Commons,"Interior completely rebuilt in 1947 52,591 square feet",Unknown,,"Brick, basement and two stories, flat roof",46.727716,-117.01204,SW corner of Line Street and Idaho Avenue,"$60,611","$60,611 (State appropriation)","Cards, UG 44, Morton",campus00108,https://objects.lib.uidaho.edu/campus/small/campus00108_sm.jpg,https://objects.lib.uidaho.edu/campus/thumbs/campus00108_th.jpg
danobrientrackandfieldcomplex,Dan O'Brien Track and Field Complex,197?-,1974,,Yes,,,,,,"Cornell, Howland, Hayes, and Merryfield (Corvallis)",,,46.726324,-117.020614,West of Kibbie Dome,,,Facilities Architecture Drawing Archives,campus00726,https://objects.lib.uidaho.edu/campus/small/campus00726_sm.jpg,https://objects.lib.uidaho.edu/campus/thumbs/campus00726_th.jpg
daycarecenter,Day Care Center,1975-,1975,,Yes,,Day Care Center; South Hill Apartment,,Child care services for 30 children; family housing unit,Renovated in 1993 and turned into 2 and 3 bedroom apartments,"Designed by Mark Samuelson, UI Sophomore architecture student; constructed by Boise Cascade",,"2 story, wood",46.724399,-117.00734,Deakin Street (South Hill housing complex),"30,000",,"Morton, Argonaut",campus00572,https://objects.lib.uidaho.edu/campus/small/campus00572_sm.jpg,https://objects.lib.uidaho.edu/campus/thumbs/campus00572_th.jpg
dramaannex,Drama Annex,1947-,1947,,No,No Longer Standing,"Temporary Classroom Building #5, Alumni Center, Audio-Visual, Drama Annex, Theatre Arts Annex; Women's Center",,Originally mailing center; in 1949 it became the Alumni Center; Audio Visual moved into it February 1951; Drama Annex or Theatre Arts Annex; Architecture Studio & 2 Architecture Faculty Offices; Women's Center (2000-? ),,"Former Army hospital, moved to campus 1946-1947",,"One story frame, gable, composition shingles, wood siding, 25' x 50""",46.727086,-117.011237,Pine Street and University Ave.,"9,900",,"Cards, Morton",campus03110,https://objects.lib.uidaho.edu/campus/small/campus03110_sm.jpg,https://objects.lib.uidaho.edu/campus/thumbs/campus03110_th.jpg
educationbuilding,Education Building,1967-,1967,,Yes,,,,Construction April 1967-Dec. 1968; occupied 1969. Education administrative offices; library; classrooms; labs; faculty and grad offices,,"Hummell, Hummell, Jones and Shawver (Boise)",International Style,"Concrete foundation, Concrete & brick walls, 5 floors; also a separate round lecture hall called a kiva",46.725918,-117.012378,West of Administration Building 921 Campus Dr,"$17,000,000",,"Morton, UG 12 (2279), UG 13 (119), Argonaut",campus00464,https://objects.lib.uidaho.edu/campus/small/campus00464_sm.jpg,https://objects.lib.uidaho.edu/campus/thumbs/campus00464_th.jpg
elmwoodapartments,Elmwood Apartments,2000-,2000,Date is approximate,Yes,,,,,,Unknown,,"Private apartment house, purchased for graduate student housing",46.729387,-117.00862,7th Street & Blake 627 Elm St,,,Nielsen,campus03074,https://objects.lib.uidaho.edu/campus/small/campus03074_sm.jpg,https://objects.lib.uidaho.edu/campus/thumbs/campus03074_th.jpg
engineeringandphysicsbuilding,Engineering and Physics Building,1993-,1993,,Yes,,,"Physics floor named for Leonard Halland, UI alumnus and manager of physics lab 1920-1940 and contributor to UI Foundation","Ground breaking October 1993, occupation fall 1995. National Center for Advanced Transportation Technology, Engineering outreach program, Mechanical and agricultural engineering classrooms, laboratories, offices, and physics department",,NBBJ (San Fransisco),Postmodern,"63,000 sq. ft.",46.72924,-117.00987,"7th street, N.E. of McClure Hall 691 Ash St.","$8,100,000",,"Register (Aug. 23, 1993), Argonaut, VF, Facilities Architecture Drawing Archives",campus03075,https://objects.lib.uidaho.edu/campus/small/campus03075_sm.jpg,https://objects.lib.uidaho.edu/campus/thumbs/campus03075_th.jpg
engineeringbuildingold,Engineering Building (Old),1901-1951,1901,,No,Razed Summer 1951 due to unsafe conditions. Replaced by Home Economic Building,Applied Science Building; School of Mines; Engineering Building,,Originally Applied Science Building; then used by School of Mines; In 1906 housed engineering classrooms and labs.,,Unknown,,"Brick, basement and three floors, 60' x 108', 20,982 sq. ft.",46.724873,-117.009963,South side of quadrangle,"$28,800","$28,800 (state appropriations)","Cards, UG 44, Argonaut",campus02324,https://objects.lib.uidaho.edu/campus/small/campus02324_sm.jpg,https://objects.lib.uidaho.edu/campus/thumbs/campus02324_th.jpg
farmhouse,Farm House,1955-,1955,,Yes,,ca.1971 became Farm House,"Named for Permeal French, Dean of Women, 1908-1936; ca.1971 became Farm House, a men's fraternity",Women's housing; men's housing,,Hugh Richardson (Lewiston); Contractors: Hanson & Parr Construction Co. of Spokane,,"Wood frame with brick and transite veneer, one story lounge, kitchen and dining area and two story dormitory providing housing for 55-60 students, 12,119 sq. ft.",46.723934,-117.008775,"Southwest corner of Blake Avenue and Nez Perce, south of Ridenbaugh Hall (on the site of Center Cottage) 1101 Blake Ave","$170,842","$130,000 (bonds, to be paid by income from room rentals) Total cost $170,842","Cards, UG 12 (2281)",campus00381,https://objects.lib.uidaho.edu/campus/small/campus00381_sm.jpg,https://objects.lib.uidaho.edu/campus/thumbs/campus00381_th.jpg
fieldhouse,Field House,1948-1974,1948,,No,Torn down ca. Summer 1974,,,,,Unknown,,"Heavy timber construction and aluminum sheeting, concrete foundation, no floor, unsupported roof, 100' x 175'",46.728231,-117.016523,SW end of McLean Field,"$70,000","$70,000 (State appropriation and student fees)","Cards, maps",campus00217,https://objects.lib.uidaho.edu/campus/small/campus00217_sm.jpg,https://objects.lib.uidaho.edu/campus/thumbs/campus00217_th.jpg
foodsciencebuilding,Food Science Building,1941-,1941,Occupied 1942,Yes,,Dairy Science Building; Food Research Center; Food Science Building,,Dairy science classrooms and labs; currently fermentation/bacteriology/ WAMI research and teaching labs; classrooms,,Tourtellotte & Hummell (Boise),Collegiate Gothic/International Style,"Reinforced concrete basement with brick walls, 94' x 92', basement and two floors, flat roof, 14,995 sq. ft.",46.728001,-117.011553,NE corner Idaho Ave and Line Street 860 W. Idaho Ave,"$103,750","$103,750 (state appropriation)","Cards, UG 44; Morton, Argonaut",campus02904,https://objects.lib.uidaho.edu/campus/small/campus02904_sm.jpg,https://objects.lib.uidaho.edu/campus/thumbs/campus02904_th.jpg
forestrylaboratory,Forestry Laboratory,1935-1972,1935,,No,Torn down 1972,"Forestry Laboratory, Industrial Arts Building following 1952 fire, Graduate Art Studio (GAS House), 1970-1972",,"Moved from S.E. corner of Sixth and Line Streets to Urquhart Street; to Line St. north of 6th (1950), to make room for Engineering Building. Combined with Pea Weevil Research Laboratory building. Later Industrial Arts, then Graduate Art Studio",,Constructed by UI Department of Buildings and Grounds,,"One story wood frame and concrete, cedar lap siding, cedar shingles, gable roof, 98' x 30'",46.729516,-117.009971,Line Street,"$5,247",,"Cards, maps",campus02772,https://objects.lib.uidaho.edu/campus/small/campus02772_sm.jpg,https://objects.lib.uidaho.edu/campus/thumbs/campus02772_th.jpg
forneyhall,Forney Hall,1923-,1923,,Yes,,Forney Hall; Continuing Education Building,"Named for Mary E. Forney of Moscow, wife of first acting president of the University, James E. Forney. Forney Hall, Continuing Education Building","Women's dormitory for 120 women, currently used for offices, institutes and guest residence center",Remodeled in 1971 with University offices on ground floor and students apartments on upper floors,Whitehouse & Price (Spokane),Collegiate Gothic,"Three story reinforced concrete, mission brick, gable roof with wooden shingles. Basement and sub-basement, collegiate Gothic style, 65' x 140'",46.724313,-117.008115,Blake Ave. 1210 Blake Ave (Continuing Ed. Bldg.),"$100,000","$100,000 (Financed by U of I Building Association composed of Moscow business men and leased to U of I. Indebtedness later paid off.",Cards,campus02483,https://objects.lib.uidaho.edu/campus/small/campus02483_sm.jpg,https://objects.lib.uidaho.edu/campus/thumbs/campus02483_th.jpg
gasgraduateartstudiohouse,GAS (Graduate Art Studio) House,1918-,1918,,Yes,,Also known as Engineering Annex; Engineering Shop Building; later (ca. 1971) Graduate Art Studio (GAS House),,"Engineering shop and testing, later studios for graduate art students",,Unknown,Early-20th-Century Industrial Vernacular,"Reinforced concrete with brick veneer, basement and two floors, 60' x 108'. Annex is wood frame siding and shingles, gable roof; 11,505 sq. ft.",46.724589,-117.010309,South of Home Economics Building 670 Nez Perce Drive,,(State appropriation),"Cards, UG 44, Morton",campus02369,https://objects.lib.uidaho.edu/campus/small/campus02369_sm.jpg,https://objects.lib.uidaho.edu/campus/thumbs/campus02369_th.jpg
gault-uphamhalls,Gault-Upham Halls,1954-2003,1954,,No,Demolished 2003 for phase two of Living Learning Community,,"Named for Franklin B. Gault, University President, 1892-1898 and Alfred Horatio Upham, University President, 1920-1928",Men's dormitory housing up to 344 students,"Gault was extensively damaged by an arson fire October 19, 1956 and renovated in 1957","Hugh Richardson, (Lewiston); major contractor Commercial Builders (Moscow).",,"Three stories and basement, reinforced concrete structural frame encased in brick, flat roof. Built to replace Pine Hall. Upham is West dormitory and Gault the East. Common central kitchen, but each dorm has own dining, recreation, study rooms. 83,000 s.f",46.730171,-117.013865,"North side of west Sixth Street between Line and Rayburn, site of the West Sixth","$1,303,000","$1,303,000 (Bonds and U.S. Housing and Home finance Agency)","Cards, UG 12 (2282)",campus03008,https://objects.lib.uidaho.edu/campus/small/campus03008_sm.jpg,https://objects.lib.uidaho.edu/campus/thumbs/campus03008_th.jpg
gauss-johnsonengineeringbuildingandlaboratory,Gauss-Johnson Engineering Building and Laboratory,1941-,1941,,Yes,Labrotory built in 1949,Originally Kirtley Engineering Lab #1; Kirtley Engineering Laboratory #2,"Named for Henry F. Gauss, ME department head 1932-1952. Originally Kirtley Engineering Lab #1; Named for J. Hugo Johnson, EE department head, 1932-1954. Originally Kirtley Engineering Laboratory #2","Mechanical engineering teaching and research labs, classroom, faculty and grad offices",,Hugh Richardson (Lewiston),International Style,"Concrete and brick construction, tile partitions, flat and gable roof, basement and one floor with balcony, 197' x 118' 27,029 sq. ft.; Reinforced concrete, brick veneer, two floors and basement, 155' x 52' 25,025 sq. ft.",46.729399,-117.011462,Sixth and Line Streets 620 S. Line St,"$149,102","$149,102; $225,813","Morton, UGG 44, Cards",campus02810,https://objects.lib.uidaho.edu/campus/small/campus02810_sm.jpg,https://objects.lib.uidaho.edu/campus/thumbs/campus02810_th.jpg
geologybuilding,Geology Building,1906-1984,1906,,No,Demolished summer of 1984 to allow for construction of Life Sciences North,,,"Originally used as an assay building, became instructional building for geology, and between 1955 and 1984 was university museum and art gallery",,Unknown,,"One story, floor area 108' x 36', 5928 sq. ft., reinforced concrete frame, brick facing with rubble foundations, steel roof trusses and wooden roof. Floor plan resembles an 'I'",46.727777,-117.01087,S.E. corner Idaho Avenue and Pine Street,"$17,700","$17,700 (State appropriation)","Cards, UG 44, Morton, UG 12 (2315)",campus02847,https://objects.lib.uidaho.edu/campus/small/campus02847_sm.jpg,https://objects.lib.uidaho.edu/campus/thumbs/campus02847_th.jpg
gibbhalllifesciencesnorth,Gibb Hall (Life Sciences North),1984-,1984,Occupied 1985,Yes,,,"Named for Richard D. Gibb, President of the University from 1977-1989, in November 1993","Bacteriology/Biochemistry/Biology/ UI Research, teaching and research labs",,Team 7 Consortium (Coeur d'Alene),Postmodern,"Four story brick and stone construction, 56,000 sq. ft.",46.727692,-117.010443,"Idaho Ave, between Pine and Ash streets 820 Pine St","$10,000,000",$10 million,"Morton, Argonaut, VF",campus00416,https://objects.lib.uidaho.edu/campus/small/campus00416_sm.jpg,https://objects.lib.uidaho.edu/campus/thumbs/campus00416_th.jpg
golfcourseandclubhouse,Golf Course and Clubhouse,1969-,1969,,Yes,,,"In the fall of 1952 was named for Francis L. James, golf coach and designer of the course who had died the previous spring.",Originally caretakers cottage and James Memorial Clubhouse 1936-1969. In 1969 rebuilt as ASUI Clubhouse.,"Club house wing added in 1948, previously was caretakers cottage","Clin, Smull Hamill, Shaw and Assoc. (Boise)",Atomic/Mid Century,"One story, frame construction, plaster walls, asphalt shingles, concrete foundation",46.723423,-117.016698,University golf course,"$32,455","$2,455; additions $30,000. Original cost was by student activities bond fund",Cards,campus00628,https://objects.lib.uidaho.edu/campus/small/campus00628_sm.jpg,https://objects.lib.uidaho.edu/campus/thumbs/campus00628_th.jpg
greenhousefirst,Greenhouse (First),1896-1920,1896,,No,No Longer Standing,,,Green house,,Unknown,,"Stone foundation, brick and glass walls, cement floor, iron rafters, 18' x 50'",46.725085,-117.010053,East of the old Administration Building near Blake Ave.,,,Cards,campus01282,https://objects.lib.uidaho.edu/campus/small/campus01282_sm.jpg,https://objects.lib.uidaho.edu/campus/thumbs/campus01282_th.jpg
greenhouses1908,Greenhouses (1908- ),1908-,1908,,Yes,,,,Greenhouses (updated and renovations have likely occurred.),,Unknown,,Five glass and steel greenhouses,46.72924,-117.00987,Idaho Avenue 1104 W. 6th St,,,Cards,campus00004,https://objects.lib.uidaho.edu/campus/small/campus00004_sm.jpg,https://objects.lib.uidaho.edu/campus/thumbs/campus00004_th.jpg
gymnasiumannex,Gymnasium Annex,1947-1962,1947,,No,Removed ca. 1962,,,Used for Air Force ROTC and boxing room,,Unknown,,"One story frame construction, wood siding, wood shingles, gable roof, 35' x 150'",46.728211,-117.014793,Rayburn Street and Idaho Ave.,,,"Cards, Maps",campus03076,https://objects.lib.uidaho.edu/campus/small/campus03076_sm.jpg,https://objects.lib.uidaho.edu/campus/thumbs/campus03076_th.jpg
hartungtheater,Hartung Theater,1972-,1972,,Yes,,Originally called Performing Arts Center,"Named for Ernest Hartung, President UI 1965-1977",Constructed between 1972 and 1973; officially opened in April 1974. Theater and related shops,,C.J. Bellamy & Co. (Coeur d'Alene),Streamline Moderne,"Concrete foundation, walls and footings, brick veneer; 21,683 sq. ft.",46.728784,-117.017894,Stadium Drive 625 Stadium Dr.,"$1,435,000",,"Morton, MG 125",campus00513,https://objects.lib.uidaho.edu/campus/small/campus00513_sm.jpg,https://objects.lib.uidaho.edu/campus/thumbs/campus00513_th.jpg
hayshall,Hays Hall,1926-,1926,Occupied 1927,Yes,,Hayes Hall; Alumni Office,,"Originally Women's dormitory housing 125 girls; Currently Alumni Office, Printing and Design Services, Alumni Residence Center, Arboretum Office",Remodelled 1971 to allow University offices on ground floor and student apartments on upper floors.,"David C. Lange M.S., UI architect",Collegiate Gothic,"Five story brick and concrete with full basement, gable roof",46.723956,-117.007836,Blake Avenue 1212 Blake Ave,"$100,000","$100,000 (Bonds, U of I Building Association)","Cards, Morton, Facilities Architecture Drawing Archives",campus02423,https://objects.lib.uidaho.edu/campus/small/campus02423_sm.jpg,https://objects.lib.uidaho.edu/campus/thumbs/campus02423_th.jpg
heatingplant,Heating Plant,1927-,1927,,Yes,"Addition: 1963 (east elevation), Addition: ca. 1975 (north elevation), Addition: 1985-1986 (north elevation)","Heating Plant, Power Plant",,Steam generation and distribution,Mainly boilers added in 1939 and 1948,"R.L. Nelson, engineer (Spokane)",Early-20th-Century Industrial Vernacular,"Brick and concrete, flat roof of composition roofing, four stories high",46.729946,-117.011698,Sixth and Line Streets,"$75,000","$75,000 (Special appropriation state funds under jurisdiction of Department of Public Works)","Cards, Morton, Facilities Architecture Drawing Archives",campus00595,https://objects.lib.uidaho.edu/campus/small/campus00595_sm.jpg,https://objects.lib.uidaho.edu/campus/thumbs/campus00595_th.jpg
hellowalkandsteps,Hello Walk and Steps,1910-,1910,,Yes,,,,,,Unknown,,,46.726847,-117.008485,From the Main entrance of the Admin to the SW corner of University and Blake,,,"Olmstead, PG1",campus00051,https://objects.lib.uidaho.edu/campus/small/campus00051_sm.jpg,https://objects.lib.uidaho.edu/campus/thumbs/campus00051_th.jpg
homeheatingresearchunit,Home Heating Research Unit,Date Unknown,,,No,,,,Used by Mechanical Engineering Department,,Unknown,,"Two story and basement, concrete block and brick, gable roof, wooden shingles",46.728211,-117.014793,West 7th Street,,,Cards,campus03077,https://objects.lib.uidaho.edu/campus/small/campus03077_sm.jpg,https://objects.lib.uidaho.edu/campus/thumbs/campus03077_th.jpg
homemanagementhouseold,Home Management House (Old),1920-1966,1920,,No,Demolished ca. 1966,,,"Originally a private house, then became university infirmary. About 1941 it was converted to the home management house and used by Home Economics students",,Unknown,,"Two floors, no basement, frame construction, wood siding, gable roof, wood shingles, garage",46.727583,-117.009409,Ash Street between Idaho and University,,,"Cards, Maps",campus00166,https://objects.lib.uidaho.edu/campus/small/campus00166_sm.jpg,https://objects.lib.uidaho.edu/campus/thumbs/campus00166_th.jpg
humanresourcesandprocurementservices,Human Resources and Procurement Services,1990-,1990,,Yes,,,,Formerly Murdochs restaurant; was purchased by the University and renovated in 1990; currently houses administrative offices.,,Munir Daud and Assoc. (Pullman),,,46.729391,-117.005604,6th Street 415 W. 6th St,,,"Morton, Facilities Architecture Drawing Archives",campus03078,https://objects.lib.uidaho.edu/campus/small/campus03078_sm.jpg,https://objects.lib.uidaho.edu/campus/thumbs/campus03078_th.jpg
itanknew,I Tank (New),1952-,1952,,Yes,,,,Campus water supply storage,,Supplier: Pittsburgh Des Moines Steel Co.,,"Steel construction, 500,000 gallon capacity",46.723677,-117.013157,Arboretum Hill,,,"Cards, UG 12 (2330)",campus02869,https://objects.lib.uidaho.edu/campus/small/campus02869_sm.jpg,https://objects.lib.uidaho.edu/campus/thumbs/campus02869_th.jpg
itower,I Tower,1916-,1916,,No,No Longer Standing,,,Water storage,,Unknown,,"Steel tank of 60,000 gallon capacity on a steel tower 79' high",46.728211,-117.014793,"Originally on Arboretum Hill, moved to College of Agriculture Farm (NW of campus) in","$5,052",,Cards,campus02866,https://objects.lib.uidaho.edu/campus/small/campus02866_sm.jpg,https://objects.lib.uidaho.edu/campus/thumbs/campus02866_th.jpg
idahoclub,Idaho Club,1935-1958,1935,,No,Torn down in July 1958,,,Men's cooperative dormitory; used to house military technicians on campus for training during the war,,Unknown,,"Frame construction, with gable roof and wood shingles. Wings about 25' x 183', front section 24' x 103'",46.729599,-117.012672,Sixth and Line Streets,"$28,868",,"Cards, MG 198",campus02685,https://objects.lib.uidaho.edu/campus/small/campus02685_sm.jpg,https://objects.lib.uidaho.edu/campus/thumbs/campus02685_th.jpg
industrialandtechnicaleducationbuilding,Industrial and Technical Education Building,1968-,1968,,Yes,,Also called Industrial Arts Building (New),,Industrial arts classrooms; teaching shops,,"Hummell, Hummell, Jones & Shawver (Boise)",International Style,"One floor, brick",46.725973,-117.00588,Sweet Ave. & Railroad St. 404 Sweet Ave,"$225,000",,Morton,campus00436,https://objects.lib.uidaho.edu/campus/small/campus00436_sm.jpg,https://objects.lib.uidaho.edu/campus/thumbs/campus00436_th.jpg
industrialartsbuildingold,Industrial Arts Building (Old),1935-1952,1935,,No,"Burned March 20, 1952",Engineering Drawing Building and Laboratory; Industrial Arts Building,,"Originally the Engineering drawing building, converted to use as Industrial Arts Building in 1949.",,Constructed by UI Department of Buildings and Grounds,,"One floor, wood frame, cedar lap siding and shingles; gable roof, 75' x 40'",46.723989,-117.010502,To the rear and S.E. of Engineering Building (what would now be the south side of Nez,"$4,542","$4,542 (Local funds)","Cards, Argonaut",campus02779,https://objects.lib.uidaho.edu/campus/small/campus02779_sm.jpg,https://objects.lib.uidaho.edu/campus/thumbs/campus02779_th.jpg
infirmaryold,Infirmary (Old),1920-1966,1920,,No,Demolished ca. 1966,Infirmary; Home Management House,,Originally a residence. Connected to Crest Cottage to increase the size of the infirmary. About 1941 became Home Management House,,Unknown,,"Two story, wooden frame construction",46.727266,-117.010105,"Originally on University on current site of Life Science South, later moved to Ash Street next to Crest Cottage.",,,"Cards, Maps",campus00755,https://objects.lib.uidaho.edu/campus/small/campus00755_sm.jpg,https://objects.lib.uidaho.edu/campus/thumbs/campus00755_th.jpg
janssenengineeringbuilding,Janssen Engineering Building,1949-,1949,Occupied 1950,Yes,,Janssen Engineering Classroom Building,"Named for Allen S. Janssen, Dean, College of Engineering, 1946-1967.",Engineering administrative offices; classrooms; teaching and research labs; auditorium; video outreach,,Hugh Richardson (Lewiston),International Style,"Reinforced concrete with brick veneer; flat roof; basement, ground floor and three additional floors; L-shaped, 45,455 sq. ft.",46.728915,-117.01162,Line and W. 7th St. 840 W. 7th St.,"$510,303","$510,303 (State appropriation)","Card, UG 44, Morton",campus02377,https://objects.lib.uidaho.edu/campus/small/campus02377_sm.jpg,https://objects.lib.uidaho.edu/campus/thumbs/campus02377_th.jpg
jenkinscottage,Jenkins Cottage,1920-1928,1920,,No,Torn down when Memorial Gym was built,,,"Purchased in 1920, used as living accommodations for students",,Unknown,,,46.726828,-117.01335,West of Lewis Court,,,Cards,campus03081,https://objects.lib.uidaho.edu/campus/small/campus03081_sm.jpg,https://objects.lib.uidaho.edu/campus/thumbs/campus03081_th.jpg
kibbiedome,Kibbie Dome,1971-,1971,,Yes,"Addition: 1982 (east end), Addition: 2004, Significant Renovation: 2011(Opsis Architecture)",Also know as the ASUI Activity Center.,"Named for alumnus William H. Kibbie who contributed $300,000 toward the facility, and the Associated Students University of Idaho.","Construction began February 1971, with formal dedication in 1975. Athletic multipurpose facility; athletic department offices","Phase 1. Grandstand, press box and grass infield (1971) Phase 2. Artificial turf and roll up mechanism (1972) Phase 3. Roof and end walls (1975) Phase 4. East End office and multi-use addition (1982); $4.5 million. Renovations: 2010/11, seating and press box upgrades.; Two phase project to improve and satisfy Life Safety and Code requirements. Project self-funded by the University of Idaho through a series of bond finance instruments. (facilities website) Phase 1, 2008/09; $10-million, approved by the Board of Regents, and an additional $2 million from State of Idaho Permanent Building Fund. Phase 2, 2010/11; $11 million, approved by the Board of Regents.","Glen Cline of Cline, Smull, Hamill, & Associates (Boise); Art Troutner (Boise)",Quonset Hut Style,"Arched roof with 400 foot clear span, 18,000 seats. Building is 410' x 498', height is 150'; floor area is 93,550 sq. feet",46.726289,-117.017489,Perimeter Drive and Rayburn Street 1000 Stadium Dr.,"$7,800,000",$7.8 million (Private donation and student fees),"Morton, Argonaut, VF, Facilities Website",campus00524,https://objects.lib.uidaho.edu/campus/small/campus00524_sm.jpg,https://objects.lib.uidaho.edu/campus/thumbs/campus00524_th.jpg
larchhall,Larch Hall,1947-1950,1947,,No,No Longer Standing,,,,,Unknown,,,46.728759,-117.012251,Line Street (between Sweet Hall and Navy Building),,,Cards,campus03082,https://objects.lib.uidaho.edu/campus/small/campus03082_sm.jpg,https://objects.lib.uidaho.edu/campus/thumbs/campus03082_th.jpg
lawbuilding,Law Building,1972-,1972,,Yes,,,"Renamed in 1984 for Albert A. Menard, Professor of Law and Dean Emeritus","Construction began January 1972, occupied fall 1973 with formal dedication April 1974. Law administrative offices; classrooms; library; faculty offices; study space",,"Dropping, Kelley, Hosford and LaMarche (Boise)",Brutalist,"Basement and 2 floors, brick",46.728179,-117.015601,Rayburn Street 711 Rayburn St,"$2,450,000",,"Morton, Argonaut, Facilities Architecture Drawing Archives",campus00624,https://objects.lib.uidaho.edu/campus/small/campus00624_sm.jpg,https://objects.lib.uidaho.edu/campus/thumbs/campus00624_th.jpg
ldsinstitute,LDS Institute,Date Unknown,,,No,,,,,,Unknown,,,46.726788,-117.006543,902 Deakin Avenue,,,,campus03083,https://objects.lib.uidaho.edu/campus/small/campus03083_sm.jpg,https://objects.lib.uidaho.edu/campus/thumbs/campus03083_th.jpg
library,Library,1957-,1957,,Yes,Significant Addition/Alteration: 1991 - Ellis-Feeny,,,"Book collection, research space, campus branch of U.S. Post Office, 1957-1990","1988 basement was remodeled; $12.3 million, 66,000 sq. ft. addition built in 1991. New tower is 86 ft above ground level","Whitehouse, Price (Spokane); 1991 addition: Ellis-Feeney (Lewiston)",International Style/Contemporary,"Reinforced concrete frame, brick facing, flat roof, basement, ground and three floors 138' x 205', 89,606 sq. ft. Modular construction allows flexibility of interior arrangement",46.7274,-117.014217,University Ave. (across from Memorial Gym) 850 Rayburn St,"$1,362,295",,"Cards, UG 44, Morton, UG 12 (2311)",campus00231,https://objects.lib.uidaho.edu/campus/small/campus00231_sm.jpg,https://objects.lib.uidaho.edu/campus/thumbs/campus00231_th.jpg
lifesciencessouth,Life Sciences (South),1923-,1923,,Yes,,"Science Hall, Life Sciences, Life Sciences South",,Dedicated 1924. Bacteriology/Biochemistry/Biology teaching and research labs; faculty and grad office.,Life Sciences North added in 1986,"Rudolph Weaver, UI architect 1923-25",Collegiate Gothic,"Tudor Gothic, reinforced concrete faced with red brick, roofed with slate. Center section 120' long, east and west wings 69' and 100' respectively, 64,057 sq. ft. Three stories and basement.",46.732459,-117.011803,"University Avenue, between Ash and Pine Streets 770 University Ave","$395,327","$395,327 (state appropriation)","Cards, Morton, UG 44",campus02659,https://objects.lib.uidaho.edu/campus/small/campus02659_sm.jpg,https://objects.lib.uidaho.edu/campus/thumbs/campus02659_th.jpg
lindleyhall,Lindley Hall,1920-1973,1920,,No,"Condemned in 1971, Demolished in 1973",Pine Hall 1963; Vandal Hall 1969-1973,"Named for Ernest Hiram Lindley, President of the University 1917-1920. Name changed to Pine Hall in 1963, then Vandal Hall from 1969-1973",Men's dormitory,Top floor added in 1922,Unknown,,"Three story, brick, gabled roof with wood shingles",46.727733,-117.008453,Ash and Idaho Ave.,"$82,000","$82,000 (bonds)","Cards, maps, Argonaut",campus02575,https://objects.lib.uidaho.edu/campus/small/campus02575_sm.jpg,https://objects.lib.uidaho.edu/campus/thumbs/campus02575_th.jpg
lindleyhallannex,Lindley Hall Annex,1920-1952,1920,,No,Torn down in 1952,"Alpha Tau Omega, Lindley Hall Annex, Senior Hall, Ridenbaugh Hall Annex",,Was originally home of Alpha Tau Omega fraternity; then senior hall for men during the 1930s. From 1941-1946 known as Ridenbaugh Hall Annex; 1946-1952 Lindley Annex; finally sold to Kappa Kappa Gamma.,,Unknown,,"Three floors, wood frame and siding, gable roof with cedar shingles",46.727733,-117.008453,"Originally on site of present infirmary, later on south side of Idaho Ave, between Elm and Ash Streets",,,Cards,campus03084,https://objects.lib.uidaho.edu/campus/small/campus03084_sm.jpg,https://objects.lib.uidaho.edu/campus/thumbs/campus03084_th.jpg
lionelhamptonmusicbuilding,Lionel Hampton Music Building,1950-,1950,Occupied 1951,Yes,,,"Renamed in 1987, Lionel Hampton School of Music in honor of Jazz musician Lionel Hampton","Music classrooms, auditorium, faculty offices, library, rehearsal rooms",,"Hugh Richardson (Lewiston); General contractor, C.B. Lauch (Boise)",Collegiate Gothic,"Reinforced concrete, brick facing, Gothic style, basement and two floors, gable roof, 80' x 140, 32,937 sq. ft.",46.725663,-117.007938,Blake and Sweet Avenue 1010 Blake Avenue,"$513,909","$513,909 (state appropriation)","Cards, UG 44, Morton, Beacon p.176",campus00208,https://objects.lib.uidaho.edu/campus/small/campus00208_sm.jpg,https://objects.lib.uidaho.edu/campus/thumbs/campus00208_th.jpg
liszthall,Liszt Hall,1897-1952,1897,,No,Dismantled in 1952,"Horticulture Building; Music Building, Liszt Hall",,"Originally used for horticulture research, then music",Remodeled in 1907 for music department,Unknown,,"Two story wood frame and siding, 24' x 34'",46.725547,-117.009228,"Eastern slope of campus, 75 yards east of present Administration Building",,,"Cards, Petersen",campus02906,https://objects.lib.uidaho.edu/campus/small/campus02906_sm.jpg,https://objects.lib.uidaho.edu/campus/thumbs/campus02906_th.jpg
livinglearningcommunity,Living Learning Community,2003-,2003,,Yes,,,,,Phase completed Fall 2003,Design West Architects P.A. (Pullman),Postmodern,Eight residence halls and office/dining structure,46.730454,-117.012744,Corner Line Street and Sixth 901 Paradise Creek St,,,Facilities Architecture Drawing Archives,campus03085,https://objects.lib.uidaho.edu/campus/small/campus03085_sm.jpg,https://objects.lib.uidaho.edu/campus/thumbs/campus03085_th.jpg
macleanfield,MacLean Field,1889-1966,1889,,No,Displaced by education building,,"Named for James Alexander MacLean, University of Idaho president, 1900-1913",Sports,,Unknown,,Baseball field,46.725486,-117.013243,Site of current Education Building and Women's Physical Education Building,,,Bookmark,campus03050,https://objects.lib.uidaho.edu/campus/small/campus03050_sm.jpg,https://objects.lib.uidaho.edu/campus/thumbs/campus03050_th.jpg
mcclurehall,McClure Hall,1992-,1992,Occupied 1995,Yes,,,"Named for James A. McClure, U.I. alumnus and U.S. Representative 1967-1972, U.S. Senator 1973-1990","Completed 1995. Classrooms, laboratories, offices for school of Mines, also Strategic Resources & Environment Laboratory",,"Zabala, Gilton, Albanese (Boise)",Postmodern/Contemporary,"4 story, 70,000 sq. ft.",46.728929,-117.010747,7th Street 810 W. 7th St,"$11,800,000",$11.8 million,"Register (Aug. 23, 1993), Argonaut, Facilities Architecture Drawing Archives",campus03086,https://objects.lib.uidaho.edu/campus/small/campus03086_sm.jpg,https://objects.lib.uidaho.edu/campus/thumbs/campus03086_th.jpg
mcconnellhall,McConnell Hall,1957-,1957,,Yes,Significant Renovation/Alteration: 1995,Willis Sweet Hall,"Originally named McConnell Hall after William McConnell, university founder, third governor of the state and recipient of first UI honorary degree. In 1984 it was renamed Willis Sweet Hall after Willis Sweet, university founder and Regent, 1889-93","Single student dormitory for 110 male students, also used as a guest residence, in 1988 became women's quiet dorm",,"Anton Dropping, ALA",Postmodern/Contemporary,2-story concrete block,46.729886,-117.014614,N.E. corner Sixth and Rayburn 1020 W. 6th St,,,"Morton, UG 12 (2279), Argonaut, Facilities Architecture Drawing Archives",campus00489,https://objects.lib.uidaho.edu/campus/small/campus00489_sm.jpg,https://objects.lib.uidaho.edu/campus/thumbs/campus00489_th.jpg
memorialgymnasium,Memorial Gymnasium,1927-,1927,Occupied 1928,Yes,,,Built as a memorial to Idaho citizens who lost their lives in the 1914-1918 war,"Physical education classes, athletic facilities, campus recreation, ROTC","West end ($281,200) and southeast exit ($35,567) added in 1952; construction on unit 2, the west end, began in the spring of 1951 with Commercial Builders of Moscow serving as contractors; the cost was $261,606. Extensive renovation was completed in 1954","Designed by David C. Lang, University Architect and head Dept. of Architecture, assisted by Theodore Pritchard, construction engineer was A.T. Schenck. Unit 2, Victor N. Jones & Assoc. of Boise",Collegiate Gothic,"Five stories plus tower, concrete and brick construction, tile and plaster walls, 142' x 201'. Tudor-Gothic style, heavily buttressed, especially at the large front bay. Listed on National Register of Historic Places",46.726517,-117.013969,University Ave. 1001 University Ave,"$616,767","$616,767 (donations and bonds)","Cards, UG 44, Beacon, IHS 137, UG 12 (2313), UG 39",campus02506,https://objects.lib.uidaho.edu/campus/small/campus02506_sm.jpg,https://objects.lib.uidaho.edu/campus/thumbs/campus02506_th.jpg
minesbuildingnew,Mines Building (New),1960-,1960,Occupied 1961,Yes,,,,"College administrative and department offices; teaching and research labs; classrooms, faculty and graduate offices.",,"Hicks & James, Culler, Gale, Martell, Norrie & Davis (Coeur d'Alene). General contractor Commercial Builders (Moscow)",International Style,"Three stories, 28,275 sq. ft., concrete frame with prestressed concrete T-floor and roof system, curtain wall with multi-colored porcelain enamel panels, concrete masonry interior walls and some brick masonry exterior.",46.728515,-117.011042,7th Street east of Line 825 W. 7th St,"$534,199","$534,199 (one half legislative appropriation, one half private contributions from mining industry","Morton, UG 12 (2315)",campus00367,https://objects.lib.uidaho.edu/campus/small/campus00367_sm.jpg,https://objects.lib.uidaho.edu/campus/thumbs/campus00367_th.jpg
morrillhall,Morrill Hall,1906-,1906,Occupied 1907,Yes,,Forestry Building,Named for Senator Justin S. Morrill of Vermont who introduced a bill later known as the Morrill Act which provided fee land for the founding of land-grant universities in each state.,"Originally constructed for the College of Agriculture and Agricultural Experiment Station. Became Forestry building in 1950. Currently houses the Idaho Geological Survey, Graduate School offices, classrooms, and Dept. of Philosophy.",Fourth floor added in 1930,Henry Nelson Black,Classical Revival,"Four story brick and stone, 65' x 125', 28,246 sq. ft.",46.728034,-117.010995,"Idaho Ave, N. end of Pine Street 820 Idaho Avenue","$55,907","$55,907 (Insurance money from Administration Building fire)","Cards, UG 44, Grant Miller, Petersen, Argonaut",campus02602,https://objects.lib.uidaho.edu/campus/small/campus02602_sm.jpg,https://objects.lib.uidaho.edu/campus/thumbs/campus02602_th.jpg
moscowforestryscienceslaboratory,Moscow Forestry Sciences Laboratory (Rocky Mountain Research Station),1963-,1963,,No,,,,Building has functioned as the Rocky Mountain Research Station in the area.,,,,,46.72384,-117.002396,1221 South Main Street,,,,campus00590,https://objects.lib.uidaho.edu/campus/small/campus00590_sm.jpg,https://objects.lib.uidaho.edu/campus/thumbs/campus00590_th.jpg
musichallannex,Music Hall Annex,1925-1952,1925,,No,Removed and Destroyed in 1952,"President's House, Music Hall Annex",,Once served as home of early presidents. Probably acquired in the original land purchase following the founding of the University in 1889.,,Unknown,,"Wood frame, gable, two floors and basement",46.72412,-117.010108,Nez Perce west of Bartley Cottage,"$6,100",,Cards,campus00216,https://objects.lib.uidaho.edu/campus/small/campus00216_sm.jpg,https://objects.lib.uidaho.edu/campus/thumbs/campus00216_th.jpg
nativeamericanandimmigranteducationcenter,Native American Migrant Education Center,1935-,1935,,Yes,,"Entomology Laboratory; Personnel Office, Purchasing Office; Math and Statistics Tutoring Center; Career Services",,Entomology laboratory; personnel and purchasing office; math and statistics tutoring center; career services (2000?- ),,Constructed by UI Department of Buildings and Grounds,Minimal Traditional,"Wooden frame, cedar lap siding and shingles, gable roof, 80' x 40'",46.728543,-117.011675,Line and 7th St. 403 Farm Road?,"$5,974","$5,974 (Local funds)",PG 1,campus02777,https://objects.lib.uidaho.edu/campus/small/campus02777_sm.jpg,https://objects.lib.uidaho.edu/campus/thumbs/campus02777_th.jpg
naturalresourcesbuilding,Natural Resources Building,1970-,1970,Occupied 1972,Yes,,,,"Forestry administrative and department offices, teaching and research labs; classrooms; faculty and grad offices.",,"Hummell, Hummell, Jones and Shawver (Boise)",International Style,,46.72937,-117.012794,Sixth Street at Line Street,"$3,457,579","$3,457,579 (Federal, state and regents funds)","Morton, Argonaut",campus00601,https://objects.lib.uidaho.edu/campus/small/campus00601_sm.jpg,https://objects.lib.uidaho.edu/campus/thumbs/campus00601_th.jpg
navyquonset,Navy Quonset,194?-1971,1945,,No,Taken down ca. 1971,,,,,Unknown,,"Quonset hut, sheet steel with wood ends, concrete floor, 19' x 51'",46.729008,-117.012695,"Beside Naval Classroom Building, NW corner",,,"Cards, Maps",campus02763,https://objects.lib.uidaho.edu/campus/small/campus02763_sm.jpg,https://objects.lib.uidaho.edu/campus/thumbs/campus02763_th.jpg
navy-rotcbuilding,Navy/ROTC Building,1942-2011,1942,,No,"Demolished after extensive fire damage, Summer 2011",Navy Classroom Building; Radio Training Center (WWII),,Originally constructed as a training center for naval radio operators during WW II. Has been used by ROTC since.,"Damaged by arson fire May 6, 1970, repaired at a cost of $22,000.",Unknown,,"One floor, wood frame and siding, gable roof, 60' x 165'",46.728912,-117.012569,Line Street 685 S. Line St,"$22,000",,"Cards, Morton, Argonaut",campus02797,https://objects.lib.uidaho.edu/campus/small/campus02797_sm.jpg,https://objects.lib.uidaho.edu/campus/thumbs/campus02797_th.jpg
nealestadium,Neale Stadium,1936-1969,1936,,No,"Destroyed by arson fire, November 23, 1969; Condemned 1968.",,"Named for Mervin G. Neale, University President, 1930-1937",Athletic contests,,Unknown,,Football field,46.726187,-117.017632,West end of campus (Current Kibbie Dome area),"$47,770","Wood bleachers and press box on north and south of field, $47,770 (Student activities bond fund) 1936.","Cards, Bookmark, VF",campus02018,https://objects.lib.uidaho.edu/campus/small/campus02018_sm.jpg,https://objects.lib.uidaho.edu/campus/thumbs/campus02018_th.jpg
niccollshomeeconomicsbuilding,Niccolls Home Economics Building,1951-,1951,Occupied 1952,Yes,,"Home Economics Building, Niccolls Home Economics Building","Named for Mary Hall Niccolls, alumni who provided significant funding for Home Economics scholarships","Classrooms and offices, University A-V classroom",Addition on east side for elevator in 198-,Victor N. Jones (Boise),Collegiate Gothic,"Four story collegiate Gothic, brick veneer over reinforced concrete and steel, partially ornamented front. 26,424 sq. feet",46.724774,-117.010118,"South of quadrangle, (on site of old Engineering Building) west of Ridenbaugh Hall 751 Campus Dr.","$502,890",,"Cards, UG 44, Morton, UG 12 (2270)",campus00343,https://objects.lib.uidaho.edu/campus/small/campus00343_sm.jpg,https://objects.lib.uidaho.edu/campus/thumbs/campus00343_th.jpg
northcampuscenteridahoinn,North Campus Center (Idaho Inn),1992-,1992,,Yes,,Originally Cavanaugh's motel,,"Remodelled 1992, occupied 1993. Studio apartments for graduate students, meeting rooms, information center. Now the Idaho Inn hotel.",,"Contractors: Hazen & Clark, Inc. (Spokane)",,,46.732887,-117.009564,645 West Pullman Road,"$3,500,000","$1.1 million purchase price, $2,4 million for remodelling",Nielsen,campus03087,https://objects.lib.uidaho.edu/campus/small/campus03087_sm.jpg,https://objects.lib.uidaho.edu/campus/thumbs/campus03087_th.jpg
parkvillageoriginal,Park Village (original),1947-1957,1947,,No,Newer construction of 1 bedroom units on site,,,Faculty housing,,Unknown,,"Pre-fabricated housing units, 28 1,2,3 bedroom units, one floor, four units to a building",46.731592,-117.01103,Line and Third Streets,"32,266","$32,266 (state appropriation)",Cards,campus02876,https://objects.lib.uidaho.edu/campus/small/campus02876_sm.jpg,https://objects.lib.uidaho.edu/campus/thumbs/campus02876_th.jpg
parkvillageapartmentssecond,Park Village Apartments (Second),1957-2002,1957,,No,Demolished 2002,,,Married and graduate student housing,,"Jones, Lovegren, Helms, Jones (Seattle)",,8 two-story apartment buildings,46.731592,-117.01103,Third and Home streets,,,"Morton, Facilities Architecture Drawing Archives",campus00565,https://objects.lib.uidaho.edu/campus/small/campus00565_sm.jpg,https://objects.lib.uidaho.edu/campus/thumbs/campus00565_th.jpg
parkingofficeandinformationcenterformer,Parking Office and Information Center (Former),1965-,1965,,Yes,,,,"Campus information; parking control, university switchboard; currently Campus police substation. For present parking offices see: Transportation Center",,Wayland & Cline (Boise),,"One story, triangular shape, glass on two sides",46.732459,-117.011803,Line and Third Street 880 W 3rd St,"74,000","$74,000 estimate",Morton,campus03088,https://objects.lib.uidaho.edu/campus/small/campus03088_sm.jpg,https://objects.lib.uidaho.edu/campus/thumbs/campus03088_th.jpg
peaweevilresearchlaboratory,Pea Weevil Research Laboratory,1947-?,1947,,No,No Longer Standing,"Pea Weevil Research Laboratory, Industrial Arts Building,",,Combined with Forestry Laboratory in new location. Then Industrial Arts Building.,,Unknown,,"One story wood frame and concrete, gable roof",46.72945,-117.010212,Originally east of Forestry Laboratory on Urquhart. Moved in 1950 to Sixth Street to make room for Engineering Building,,,Cards,campus03089,https://objects.lib.uidaho.edu/campus/small/campus03089_sm.jpg,https://objects.lib.uidaho.edu/campus/thumbs/campus03089_th.jpg
physicaleducationbuildingpeb,Physical Education Building (PEB),1969-,1969,Occupied 1970,Yes,,First called Women's Health Education Building,,Completed January 1970. Athletic facilities; department offices; faculty and grad offices,,"Fulton Gale of Culler, Gale, Martell (Coeur d'Alene); General contractor Sceva Construction Co. (Spokane)",Brutalist,"52,846 sq. ft.",46.725532,-117.013788,South of Memorial Gym and Swim Center,"$1,227,127","Budgeted $1,227,127","Morton, UG 13, 119, Argonaut",campus00583,https://objects.lib.uidaho.edu/campus/small/campus00583_sm.jpg,https://objects.lib.uidaho.edu/campus/thumbs/campus00583_th.jpg
pinehall,Pine Hall,1947-1956,1947,,No,West half torn down in 1955 or 1956; Demolished in 1960,Also known as Hudson House Dorm,,Dormitory for 386 men,,Unknown,,"Pre-fabricated, wood frame, composition roof, two stories, flat roof",46.731268,-117.013519,"Warehouse Drive (west of Line, and South of Third)",,Kaiser shipyard war surplus building,Cards,campus02582,https://objects.lib.uidaho.edu/campus/small/campus02582_sm.jpg,https://objects.lib.uidaho.edu/campus/thumbs/campus02582_th.jpg
pinehallcafeteria,Pine Hall Cafeteria,1947-2000?,1947,,No,Demolished ca. 2000,,,"Cafeteria, later used for storage; Central Receiving",,Unknown,,"Quonset hut, sheet metal, one story, 99' x 102'",46.730878,-117.012522,Line Street,"24,708","$24,708 (regents fund)","Cards, Maps",campus02583,https://objects.lib.uidaho.edu/campus/small/campus02583_sm.jpg,https://objects.lib.uidaho.edu/campus/thumbs/campus02583_th.jpg
presidentshouse,President's House,1966-,1966,"Occupied 1967, remodeled in 2019.",Yes,"Originally built in 1966, remodeled extensively down to the foundation in 2019 by Nat J. Adams & Associates. (Boise)",Executive residence,,Official residence of University President; UI reception space,,Nat Adams (Boise),21st Century Modern,"Split level, Basque wood carvings on front door",46.723745,-117.014131,1026 Nez Perce,"$121,900",,"Morton, Argonaut 1/6/66",campus00410,https://objects.lib.uidaho.edu/campus/small/campus00410_sm.jpg,https://objects.lib.uidaho.edu/campus/thumbs/campus00410_th.jpg
presidentsresidenceold,President's Residence (Old),1921-1955,1921,,No,Sold in 1955,,,Official residence of University president,,Unknown,,"Wood frame and siding, basement and two floors",46.733738,-116.991819,514 East First Street,"$7,500",,Nielsen,campus03073,https://objects.lib.uidaho.edu/campus/small/campus03073_sm.jpg,https://objects.lib.uidaho.edu/campus/thumbs/campus03073_th.jpg
radio-isotopeslaboratory,Radio-Isotopes Laboratory,1936-1955,1936,,No,Demolished ca. 1955,,,"Formerly Wood Conversion Laboratory, originally located at Line Street and Urquhart, moved in 1950 to allow building of Engineering Building",,Cline and Snull (Boise),,"One floor, wood frame and siding, gable roof, Wood shingles, 29' x 118'",46.728601,-117.011687,Line Street between 3rd and 6th Streets,,,"Cards, Maps, Facilities Architecture Drawing Archives",campus00165,https://objects.lib.uidaho.edu/campus/small/campus00165_sm.jpg,https://objects.lib.uidaho.edu/campus/thumbs/campus00165_th.jpg
radio-tvcenter,Radio-TV Center,1946-,1956,,Yes,,Radio-TV Center; Temporary Classroom Building 3; Radio Center,,Production and broadcasting center; Originally temporary building #3; converted to Radio Center in 1949,1968 addition replaced TCB 3,Ellis-Feeney Architects (Lewiston) - for addition,International Style,"2 buildings; Original building was one floor, wood frame, gable roof, composition shingles, wood siding, painted white, 25' x 76'",46.724738,-117.0122,SW of Administration Building,"$73,800",,"Morton, Argonaut, Facilities Architecture Drawing Archives, Cards, Maps",campus00408,https://objects.lib.uidaho.edu/campus/small/campus00408_sm.jpg,https://objects.lib.uidaho.edu/campus/thumbs/campus00408_th.jpg
renfrewbuilding,Renfrew Building,1962-,1962,Occupied 1964,Yes,,Originally the Physical Sciences Building,"In October 1985 it was named for Malcom Renfrew, professor and inventor.",Chemistry/Physics department offices; teaching and research labs; Chemstores; faculty and grad office; labs and classrooms are of modular design.,$3.3 million renovation in 1991; additional renovation 1998,"Dropping, Kelley, Finch (Boise); major contractor, Commercial Builders (Moscow)",International Style,"Rectangular reinforced concrete foundation, reinforced concrete post and beam construction, 96,430.",46.727988,-117.014228,Rayburn Street,"$1,828,000",,VF,campus00556,https://objects.lib.uidaho.edu/campus/small/campus00556_sm.jpg,https://objects.lib.uidaho.edu/campus/thumbs/campus00556_th.jpg
ridenbaughhall,Ridenbaugh Hall,1901-,1901,Occupied 1902,Yes,,,"Named for Mary E. Ridenbaugh, vice-president of the Board of Regents, and regent from 1901 to 1907","Was first women's dormitory and site of domestic science classes, then in 1927 was men's dormitory. Later used as music practice rooms, and currently also houses the Art and Architecture gallery",,W.R. Ritchie (Spokane),Renaissance Revival,"Brick, gabled, three floors, 78' x 96', 15,712 sq. ft. Set on a native basalt foundation, this blocky red brick building rises three stories and is topped with a truncated hip roof. Listed on National Register of Historic Places",46.72448,-117.00897,"South side of quadrangle, corner of Blake and Nez Perce","$17,000","$17,000 (state appropriation)","Cards, Morton, UG 44, IHS 141, Beacon, Facilities Architecture Drawing Archives",campus02402,https://objects.lib.uidaho.edu/campus/small/campus02402_sm.jpg,https://objects.lib.uidaho.edu/campus/thumbs/campus02402_th.jpg
safetyoffice,Safety Office,1965-,1965,,Yes,,,,"Engineering research labs, office, Engineering Isotopes Laboratory",,"Constructed by UI Department of Buildings and Grounds (Larry Chin, UI architect)",,,46.730043,-117.018397,6th Street west of Greenhouses 1240 W. 6th St,,,"Morton, Facilities Architecture Drawing Archives",campus03091,https://objects.lib.uidaho.edu/campus/small/campus03091_sm.jpg,https://objects.lib.uidaho.edu/campus/thumbs/campus03091_th.jpg
satcmesshall,SATC Mess Hall,1918-?,1918,,No,Dismantled following armistice,,,Eating area for Student Army Training Corps,,Unknown,,"Temporary building in the shape of an ""H"", each company having its own wing, with kitchen facilities in the bar of the H",46.726054,-117.011642,NW corner of Administration Building auditorium wing,,,"Cards, Maps",campus03072,https://objects.lib.uidaho.edu/campus/small/campus03072_sm.jpg,https://objects.lib.uidaho.edu/campus/thumbs/campus03072_th.jpg
shouphall,Shoup Hall,1958-,1958,,Yes,,School of Communication; Air Force ROTC (1999),"Named after George L. Shoup, last territorial governor and first state governor.",Single student dormitory for 110 students,Elevator added 1999?,"Dropping, Kelley, Finch (Boise); Contractors: Henry George & Sons and Dunham Contracting",International Style,,46.730106,-117.015451,N.W. corner 6th Street and Rayburn Streets,"$375,000",,"Morton, UG 12 (2279)",campus00385,https://objects.lib.uidaho.edu/campus/small/campus00385_sm.jpg,https://objects.lib.uidaho.edu/campus/thumbs/campus00385_th.jpg
smallanimalslaboratory,Small Animals Laboratory,1953-1998,1953,,No,Demolished 1998 for Idaho Commons construction,Small Animals Laboratory; Media Center,,"Small animal research; currently AV, photocopying, etc.",Remodeled for Media Center in 1986 when Life Sciences North was completed,Culler and Gale (Spokane),,"Constructed entirely of reinforced concrete, two floors, flat roof",46.72765,-117.0125,"Idaho Avenue, adjacent to University Classroom Center","$33,900",,"Cards, Morton, UG12 Bx80 F2276, Facilities Architecture Drawing Archives",campus00577,https://objects.lib.uidaho.edu/campus/small/campus00577_sm.jpg,https://objects.lib.uidaho.edu/campus/thumbs/campus00577_th.jpg
southhillhomesoriginal,South Hill Homes (original),1947-1970,1947,,No,Torn down to make room for family housing,,,Faculty housing,,Boise Cascade Manufactured Housing Group (Boise),,"Pre-fabricated four and five room houses, one floor, no basement. 25 units, 20 two bedroom, 5 three bedroom",46.723804,-117.007007,Deakin and Taylor Avenues,"$250,000",,"Beacon, Inventories, Facilities Architecture Drawing Archives",campus03092,https://objects.lib.uidaho.edu/campus/small/campus03092_sm.jpg,https://objects.lib.uidaho.edu/campus/thumbs/campus03092_th.jpg
southhillterraceapartments,South Hill Terrace Apartments,1970-,1970,,Yes,,,Name probably taken from South Hill Homes which were on the site previously,8 units in 1970; 10 units in 1972. Married student and family housing,Several additions to complex,Boise Cascade Manufactured Housing Group (Boise),,"Pre-fabricated 2 bedroom 2 story units, 8 apartments to a unit",46.723892,-117.005001,Blake and Taylor Streets,,,"Morton, Facilities Architecture Drawing Archives",campus00575,https://objects.lib.uidaho.edu/campus/small/campus00575_sm.jpg,https://objects.lib.uidaho.edu/campus/thumbs/campus00575_th.jpg
southhillvista,South Hill Vista,1992-,1992,,Yes,,,,"Units constructed 1992, occupied 1993. Family housing for students, day care center (Early Childhood Center)",,Michael and Lakeman (Portland),,108 one and two bedroom units,46.724929,-117.004293,South side of Sweet Ave.,"$7,800,000",$7.8 million,"Register (5:29), Argonaut, Facilities Architecture Drawing Archives",campus03093,https://objects.lib.uidaho.edu/campus/small/campus03093_sm.jpg,https://objects.lib.uidaho.edu/campus/thumbs/campus03093_th.jpg
staugustinescatholiccenter,St. Augustine's Catholic Center,1966-,1966,,Yes,,,,Religious services,,Paul Blanton and Theodore Pritchard (UI professors),International/Mansard/Conical,"Circular chapel with 84 foot diameter, 72 ft. conical roof covered with cedar shake shingles, walls are poured concrete. Student center is 2 story rectangular structure",46.729194,-117.006578,Deakin and Sixth St.,,,Argonaut,campus03094,https://objects.lib.uidaho.edu/campus/small/campus03094_sm.jpg,https://objects.lib.uidaho.edu/campus/thumbs/campus03094_th.jpg
steelhouse,Steel House,1953-2019,1953,,No,,,,Delta Chi Fraternity House,,Unknown,,,46.726656,-117.008009,"Steel House, originally at Blake House, moved to the Phi Kappa Tau fraternity house from 2009-12. Then to the former Delta Chi house.",,,Steel House website,campus03095,https://objects.lib.uidaho.edu/campus/small/campus03095_sm.jpg,https://objects.lib.uidaho.edu/campus/thumbs/campus03095_th.jpg
storagebuildings,Storage Buildings,1910-?,1910,,No,No Longer Standing,,,"Built 1910-1911; acquired 1923. Constructed in 1911 for $100,000 by Harvester Company. Used as agriculture engineering shops, then as storage area for Veterans Village after World War II.",,Unknown,,"Three buildings, 1 story concrete and factory glass, on 6 acres of land.",46.730525,-117.013273,West Sixth Street near Line,"$45,000","$45,000 (state appropriation)","Cards, Argonaut",campus03096,https://objects.lib.uidaho.edu/campus/small/campus03096_sm.jpg,https://objects.lib.uidaho.edu/campus/thumbs/campus03096_th.jpg
studenthealth,Student Health,1937-,1936,Occupied 1937,Yes,,"Infirmary, Student Health Center",,"University hospital with 68 beds, and student health center; WAMI offices.","A $385,000 addition, with alterations to the existing structure which doubled the space in the infirmary was begin in 1958",Whitehouse & Price (Spokane); Construction by Colonial Construction of Spokane; Architects for addition were Wayland & Cline (Boise) General Contractor: Dunham Brothers,Collegiate Gothic,"Reinforced concrete with brick veneer, three stories plus finished basement. College Gothic style, with stone trim and shingle tile roof. Outside walls are of terra cotta tile and brick, trimmed with Indiana limestone. 194' x 54'",46.727215,-117.009355,University Ave. and Ash Street 832 Ash St,"$131,329","$131,329 (Bond issue, PWA grant)","Cards, UG 44, Morton",campus02703,https://objects.lib.uidaho.edu/campus/small/campus02703_sm.jpg,https://objects.lib.uidaho.edu/campus/thumbs/campus02703_th.jpg
studentrecreationcenter,Student Recreation Center,2002-,2002,,Yes,,,,,,Northwest Architecture Company (Spokane),,,46.731997,-117.013572,Line Street,,,Facilities Architecture Drawing Archives,campus03097,https://objects.lib.uidaho.edu/campus/small/campus03097_sm.jpg,https://objects.lib.uidaho.edu/campus/thumbs/campus03097_th.jpg
studentunionbuilding,Student Union Building,1936-,1936,,Yes,,Student Union Building,,"In 1936 the Board of Regents purchased the Blue Bucket Inn, owned by Dean of Women Permeal French, and used for some time for student activities. Several additions and renovations followed. Student support and food and recreation services","Unit #2 (1936) $250,000, concrete, brick veneer with cut stone trim; Unit #3 (1948); Unit #4 (19560, $1,800,000. 1961 addition, 1962 remodel, 1963 bookstore addition; 2000 renovation","Dropping, Kelley and Finch (Boise)",,"Reinforced concrete with brick veneer, three floors and basement",46.72865,-117.007329,Deakin Street,"1,506,231","$806,231 (bonds); Unit 3 $700,000; Unit 4, $1,000,000","Cards, UG 44, Morton, UG 12 (2321, 2323)",campus03098,https://objects.lib.uidaho.edu/campus/small/campus03098_sm.jpg,https://objects.lib.uidaho.edu/campus/thumbs/campus03098_th.jpg
studentunionbuildingannex,Student Union Building Annex,1924-?,1924,,No,Torn down 2002-03,"Alpha Chi Omega, 1924-1960; Elm Street house, 1960-1962; Theta Chi fraternity, 1962-1987; Student Union Building Annex, 1987-",,"Originally fraternities, then used by Air Force ROTC",,Unknown,,,46.728584,-117.007983,7th and Elm streets,,,Morton,campus03099,https://objects.lib.uidaho.edu/campus/small/campus03099_sm.jpg,https://objects.lib.uidaho.edu/campus/thumbs/campus03099_th.jpg
swimmingcenter,Swimming Center,1970-,1970,,Yes,,,,"Swimming instruction, recreation, and competition",,Fulton Gale (Coeur d'Alene),Brutalist,"Total area 33,839 sq. ft.; two pools 60 x 75 x 4 and 60 x 75 x 6, underwater viewing windows",46.725348,-117.013766,South of Memorial Gym,"1,289,263",,Morton,campus00632,https://objects.lib.uidaho.edu/campus/small/campus00632_sm.jpg,https://objects.lib.uidaho.edu/campus/thumbs/campus00632_th.jpg
targheehall,Targhee Hall,1958-,1958,,Yes,,Originally Campus Club,"Most likely named for a chief of the Bannock tribe who was killed by Crow Indians in 1871. Properly spelled Tygee, later Tige, then Targhee.","Men's co-op dorm. Originally Campus Club, built to replace the original Campus Club which burned Wednesday May 14, 1958.",,"Hicks, James & Culler, Gale, Martell & Norrie of Coeur d'Alene; General contractor: Albert & Leffler; Builder: Commercial Builders (Moscow)",International Style,"Reinforced concrete frame, brick facing, 2 story dormitory to accommodate 60 students, single story lounge, dining and kitchen area adjacent. Basement for recreation area, utilities and storage under a portion of the dormitory wing.",46.722893,-117.008754,NW corner of Blake and Taylor streets,"$190,000","190,000 (Board of Regents borrowed $95,000, the rest was from unallocated funds)","Morton, UG 12 (2278)",campus02699,https://objects.lib.uidaho.edu/campus/small/campus02699_sm.jpg,https://objects.lib.uidaho.edu/campus/thumbs/campus02699_th.jpg
teachingandlearningcenter,Teaching and Learning Center,2003-,2003,,Yes,,Previously University Classroom Building,,"Construction began in 2003; completed Fall 2005.. 29 classrooms, a computer teaching lab, two digital teaching labs, the Office of the Dean of Students, study areas, cyber cafe.",,Opsis Architecture (Portland),International Style/Contemporary,"Originally constructed in 1965. Designed by Fulton Gale Jr. of Culler, Gale, Martell, Norrie & Davis, remodeled significantly in 2005 by Opsis Architecture.",46.727385,-117.013004,966 University Avenue,"$12,500,000",$12.5 million,,campus03100,https://objects.lib.uidaho.edu/campus/small/campus03100_sm.jpg,https://objects.lib.uidaho.edu/campus/thumbs/campus03100_th.jpg
termporaryclassroombuilding1,Temporary Classroom Building 1,1946-1966,1946,,No,Dismantled to allow construction of Education Building,,,"Department of Psychology located in building until 1952. Then used by Counseling center, Sociology, Anthropology, and Dramatics storage.",,Unknown,,"One story, frame, wooden, 51' x 75', gable roof, composition shingles, wood siding, painted white",46.725958,-117.01191,NW of Administration Building,,,"Cards, Maps",campus00560,https://objects.lib.uidaho.edu/campus/small/campus00560_sm.jpg,https://objects.lib.uidaho.edu/campus/thumbs/campus00560_th.jpg
termporaryclassroombuilding2,Temporary Classroom Building 2,1947-1966,1947,,No,"Torn down August 1966, replaced by College of Education in 1965",,,Used for classrooms and Letters and Sciences offices.,,Unknown,,"Prefabricated, one floor, frame, gable, composition shingles, wood shakes, painted white, 25' x 300'",46.7254,-117.012232,West of Administration Building,,,"Cards, Maps",campus00558,https://objects.lib.uidaho.edu/campus/small/campus00558_sm.jpg,https://objects.lib.uidaho.edu/campus/thumbs/campus00558_th.jpg
termporaryclassroombuilding4,Temporary Classroom Building 4,1947-1954,1947,,No,Demolished 1954,Called Communication Laboratory from 1947-1951,,,,Unknown,,"One story frame structure with cedar lap siding and cedar shingles, 152' x 40'",46.723907,-117.01058,SW of Engineering Testing Laboratory,,,"Cards, UG 12 (2329)",campus03101,https://objects.lib.uidaho.edu/campus/small/campus03101_sm.jpg,https://objects.lib.uidaho.edu/campus/thumbs/campus03101_th.jpg
theophilustower,Theophilus Tower,1967-,1967,,Yes,,"Forney Hall, 2nd & 3rd floors; French Hall, 4th and 5th floors; Hays Hall, 6th & 7th floors; Sweet Hall, 8th & 9th floors; Chrisman Hall, 10th & 11th floors","Named for Donald R. Theophilus, U.I. President 1954-1965.","Construction began Nov. 1967, completed Sept. 1969. Single student dorm, co-ed.",,Dropping & Kelley (Boise),International Style,"11 story building with accommodations for 416 students; 90,779 sq. ft.",46.7308,-117.014033,Paradise Creek Street,"$2,500,000",$2.5 million (Regents bonds),"Morton, Bookmark, Argonaut, VF",campus00420,https://objects.lib.uidaho.edu/campus/small/campus00420_sm.jpg,https://objects.lib.uidaho.edu/campus/thumbs/campus00420_th.jpg
transportationcenter,Transportation Center,2013-,2013,,Yes,,,,,,Design West Architects P.A. (Pullman),Postmodern,,46.726008,-117.005197,NE corner of Railroad and Sweet,,,Sources UI Transportation website; Design West company website,campus03080,https://objects.lib.uidaho.edu/campus/small/campus03080_sm.jpg,https://objects.lib.uidaho.edu/campus/thumbs/campus03080_th.jpg
triangleclub,Triangle Club,1937-?,1937,,No,3 buildings torn down between 1952 and 1966.,Infirmary; Senior Hall; Triangle club; Home Management House; Lindley Hall Annex; Tau Kappa Epsilon,,"Two old frame houses, formerly the Infirmary and Senior Hall were consolidated into the Triangle Club on a cooperative basis. In fall 1938 one became the Home Management House, the second became Lindley Hall Annex. The third rented to Tau Kappa Epsilon",,Unknown,,Wood frame houses,46.727755,-117.009113,Ash Street,,,Cards,campus03102,https://objects.lib.uidaho.edu/campus/small/campus03102_sm.jpg,https://objects.lib.uidaho.edu/campus/thumbs/campus03102_th.jpg
uiadvancementbuilding,UI Advancement Building,1964-,1964,,Yes,,Home Management House (New); U of I Foundation and Development Office,,Home Economics labs; faculty and grad offices; 199- University of Idaho Foundation offices,,Wayland & Cline (Boise),,"2 level, open plan, brick exterior",46.724032,-117.00955,Nez Perce Street,"$40,000","$40,000 allocation","Morton, UG 12 (2288), Argonaut",campus00563,https://objects.lib.uidaho.edu/campus/small/campus00563_sm.jpg,https://objects.lib.uidaho.edu/campus/thumbs/campus00563_th.jpg
universityclassroomcenter,University Classroom Center,1964-2003,1964,,Yes,,University Classroom Center,,"Constructed in 1964, occupied in 1965; remodeled as Teaching and Learning Center 2003-2004. General classrooms; student support offices; media/photo center",,"Designed by UI graduate Fulton Gale, Jr. of Culler, Gale, Martell, Norrie & Davis (Coeur d'Alene",,"Brick and concrete; 77,259 sq. ft.; ramps connect the levels, all room have doors opening to the outside.",46.727431,-117.012744,University Ave across mall from Library,"$1,450,000","$1,450,000 (Regents bonds)","Morton, Argonaut",campus00403,https://objects.lib.uidaho.edu/campus/small/campus00403_sm.jpg,https://objects.lib.uidaho.edu/campus/thumbs/campus00403_th.jpg
universityfarms,University Farms,1889-,1889,,Yes,,,,,,Unknown,,,46.730455,-117.031571,"46.730455,-117.031571",,,PG 1,campus00001,https://objects.lib.uidaho.edu/campus/small/campus00001_sm.jpg,https://objects.lib.uidaho.edu/campus/thumbs/campus00001_th.jpg
universitygarages,University Garages,Date Unknown,,,No,,,,,,Unknown,,One story brick; 20 buildings,46.730441,-117.011508,NE of heating plant; West of Buildings and Grounds Center,,,Cards,campus03103,https://objects.lib.uidaho.edu/campus/small/campus03103_sm.jpg,https://objects.lib.uidaho.edu/campus/thumbs/campus03103_th.jpg
universityhutu-hut,University Hut (U-Hut),1918-2000,1918,,No,Torn down Fall 2000,"Y-Hut, Post Office, U-Hut",,"Initially called the Y-Hut, built by the National War Work Council of YMCA and intended for student soldiers. Used by English Department, campus theatre group, and theatre department for dramatic productions.  Post office substation operated in the building from 1926-1957. Briefly housed ASUI and Art Department offices. Black box theatre renamed Collette Theatre for professor and department chair Jean Collette. Final use was as Idaho Commons construction headquarters.",,Upgraded by UI Department of Buildings and Grounds after purchase,,"One story frame structure, gable roof, wood shingles and siding, basement, 50' x 90'",46.727104,-117.011623,University Avenue and Line Street,"$8,000",,"Cards, Morton, Facilities Architecture Drawing Archives",campus02768,https://objects.lib.uidaho.edu/campus/small/campus02768_sm.jpg,https://objects.lib.uidaho.edu/campus/thumbs/campus02768_th.jpg
veterinaryscience,Veterinary Science,1949-1955,1949,,No,No Longer Standing,,,,,Unknown,,"One floor, wood frame and siding, gable room, basement, painted white, 25' x 75'",46.729524,-117.015389,S.W. Sixth and Rayburn Streets,"$18,000","$18,000 (local funds)","Cards, Bookmark",campus03104,https://objects.lib.uidaho.edu/campus/small/campus03104_sm.jpg,https://objects.lib.uidaho.edu/campus/thumbs/campus03104_th.jpg
wallacecomplex,Wallace Complex,1963-,1963,,Yes,,,"Named for William H. Wallace, first territorial governor of Idaho, 1863-1864",First two units and cafeteria completed in 1963. Single student dorms and cafeteria; also student services offices.,Third unit completed August 1965; 4th unit completed July 1967,"Wayland, Cline & Smull (Boise)",International Style,Central structure with four wings; central portion is 2 floors and contains cafeteria and offices. The two south wings are 4 floors and house 212 students each. The north two wings are 6 floors and house 312 each.,46.730406,-117.01636,NE corner 6th Street and Greenhouse,"$6,788,000","First two units and cafeteria $3,750,000; 3rd unit, $1,536,000; 4th unit budget $1,502,000","Morton, Bookmark, UG 12 (2329), UG 13 (121)",campus00470,https://objects.lib.uidaho.edu/campus/small/campus00470_sm.jpg,https://objects.lib.uidaho.edu/campus/thumbs/campus00470_th.jpg
westsixthandnorthmainvillages,West Sixth and North Main Villages,1956-1959,1956,,No,Condemned and closed in fall of 1958 due to fire risks; Torn down fall 1959,,,Housing for veterans and married students,74 cinder block buildings added November & December 1956.,Unknown,,War surplus barracks style units moved in from Portland containing 156 apartments.,46.73004,-117.015075,Sixth St. west of Line; North Main & D Street,,,Argonaut,campus00222,https://objects.lib.uidaho.edu/campus/small/campus00222_sm.jpg,https://objects.lib.uidaho.edu/campus/thumbs/campus00222_th.jpg
womenscenter,Women's Center,1935-2000,1935,,No,Torn down Summer 2000,"University Classroom Building; Journalism Building; Women's Center, Tutoring and Academic Assistance Center",,Classrooms; Women's Center and student academic assistance,,Constructed by UI Department of Buildings and Grounds,,"One floor, wood frame with cedar lap siding, gable roof, 40' x 120'",46.727576,-117.011738,Line Street and Idaho Avenue,"$6,612","$6,612 (local funds)","Cards, Argonaut",campus02787,https://objects.lib.uidaho.edu/campus/small/campus02787_sm.jpg,https://objects.lib.uidaho.edu/campus/thumbs/campus02787_th.jpg
woodconversionlaboratory,Wood Conversion Laboratory,1932-1949,1932,,No,Demolished prior to construction of Engineering Building,,,,,Constructed by UI Department of Buildings and Grounds,,"Concrete floor, wood frame, 30' x 25'",46.728887,-117.01173,Line and 7th Street,"$4,000",,"Cards, Argonaut",campus00167,https://objects.lib.uidaho.edu/campus/small/campus00167_sm.jpg,https://objects.lib.uidaho.edu/campus/thumbs/campus00167_th.jpg
iric,Integrated Research and Innovation Center,January 2017,2017,,Yes,,,,,,"NBBJ, Principal Bryan Zagers",21st Century Modern,"3.5-story, rectangular-form structure with curtain wall fenestration on the east faade. Red-metal cladding, glass, and red-brick masonry combine to create a visual link to surrounding buildings. The structure rests on a reinforced concrete foundation built into the hillside and includes balconies on the second and third floors, concrete staircases, and glass-and-metal doors. LEED Gold certified.",46.72884927051294,-117.01313841044912,685 Line St,$52 million,,,campus03113,https://objects.lib.uidaho.edu/campus/small/campus03113_sm.jpg,https://objects.lib.uidaho.edu/campus/thumbs/campus03113_th.jpg
